{
    "rmse": 0.5487758634072563,
    "mae": 0.5969041502002266,
    "r2": 0.16025869464721476
}